id,subreddit,title,score,num_comments,url
1nm0g7g,politics,Saturday Morning Political Cartoon Thread,27,62,https://www.reddit.com/r/politics/comments/1nm0g7g/saturday_morning_political_cartoon_thread/
1nm8710,politics,"Tom Homan was investigated for accepting $50,000 from undercover FBI agents. Trump's DOJ shut it down.",9789,245,https://www.msnbc.com/msnbc/news/tom-homan-cash-contracts-trump-doj-investigation-rcna232568
1nm2owd,politics,DOJ Can’t Tie Suspected Kirk Killer to Left Like MAGA Wants,36180,1862,https://www.thedailybeast.com/doj-cant-tie-suspected-kirk-killer-to-left-like-maga-wants/
1nm5l23,politics,"JD Vance Jokes About Killing Civilians as Kimmel Gets Yanked Off Air | 
A blatant double standard.",8162,149,https://www.motherjones.com/politics/2025/09/jd-vance-jokes-about-killing-civilians-as-kimmel-gets-yanked-off-air/
1nly846,politics,"Charlie Kirk legacy should be in ""dustbin of history,"" Ilhan Omar says",28985,1424,https://www.newsweek.com/charlie-kirk-legacy-should-dustbin-history-ilhan-omar-says-2132886
1nm4j5c,politics,"FBI to Categorize Trans People As ""Nihilistic Violent Extremist"" Threat Group, Report Says",5591,723,https://www.them.us/story/trump-admin-fbi-trans-nihilistic-violent-extremists-terrorist
1nlwo2l,politics,"'No evidence' found yet of ties between Charlie Kirk's shooting and left-wing groups, federal officials say",31527,1859,https://www.nbcnews.com/politics/justice-department/no-evidence-charlie-kirk-shooting-left-wing-groups-rcna232513
1nm2w9i,politics,Nancy Mace Loses It at Fellow GOP After Ilhan Omar Censure Fails,5573,252,https://newrepublic.com/post/200625/nancy-mace-censure-ilhan-omar-fails
1nm53ve,politics,Pete Buttigieg goes viral for predicting Trump's free speech crackdown,3924,96,https://www.lgbtqnation.com/2025/09/pete-buttigieg-goes-viral-for-predicting-trumps-free-speech-crackdown/
1nmcego,politics,Trump Justice Dept. Closed Investigation Into Tom Homan for Accepting Bag of Cash,1206,88,https://www.nytimes.com/2025/09/20/us/politics/tom-homan-fbi-trump.html?unlocked_article_code=1.nU8.RziM.7_oXJ-DqSXDG&smid=nytcore-ios-share&referringSource=articleShare
1nm9163,politics,Trump Administration Cancels Annual Hunger Survey,1818,162,https://www.wsj.com/economy/trump-administration-cancels-annual-hunger-survey-ca3d3793?mod=hp_lead_pos2
1nm4cj4,politics,Trump Says Critical Coverage of Him Is ‘Really Illegal’,3153,299,https://www.nytimes.com/2025/09/19/us/politics/trump-media-news-free-speech.html
1nma7s5,politics,California becomes first state to ban face coverings for most law enforcement,1147,36,https://www.theguardian.com/us-news/2025/sep/20/california-mask-ban-law-enforcement
1nlvb4y,politics,Hegseth Orders Reporters to Publish Only His Talking Points,7396,396,https://www.thedailybeast.com/pete-hegseth-orders-reporters-to-only-publish-his-talking-points/
1nmbyzn,politics,Trump will silence critics until broadcasters value free speech more than profits,715,80,https://www.usatoday.com/story/opinion/columnist/2025/09/19/kimmel-trump-media-critics-late-night-hosts/86221776007/
1nlwz1h,politics,Right-wing extremist violence is more frequent and more deadly | Right-wing violence accounts for 75%+ of U.S. domestic terrorism deaths since 2001,4780,129,https://www.salon.com/2025/09/20/right-wing-extremist-violence-is-more-frequent-and-more-deadly/
1nlywuc,politics,Massive banners with Trump’s face are adorning some federal buildings in DC. Democrats are crying foul,3563,380,https://www.cnn.com/2025/09/20/politics/trump-banners-schiff
1nlyts2,politics,Keystone Kash’s Bonkers Self-Help Notes Captured on Camera,3148,206,https://www.thedailybeast.com/keystone-kash-wrote-himself-a-little-pep-talk-for-house-hearing/
1nm5sfr,politics,I’m a Congressional Candidate. I Was Assaulted by ICE.,1203,42,https://newrepublic.com/article/200715/im-congressional-candidate-assaulted-ice
1nm75hj,politics,"Right-wing extremist violence is more frequent and deadly than left-wing violence, data shows",892,28,https://www.pbs.org/newshour/politics/right-wing-extremist-violence-is-more-frequent-and-deadly-than-left-wing-violence-data-shows
1bwbuka,PoliticalDiscussion,Casual Questions Thread,94,8470,https://www.reddit.com/r/PoliticalDiscussion/comments/1bwbuka/casual_questions_thread/
1nlal7x,PoliticalDiscussion,Is using military force against suspected drug-trafficking boats constitutional or an overreach of presidential power?,94,211,https://www.reddit.com/r/PoliticalDiscussion/comments/1nlal7x/is_using_military_force_against_suspected/
1nl6nez,PoliticalDiscussion,"What are your thoughts on the FCC's crackdown on Jimmy Kimmel, Stephen Colbert and free speech in general?",109,222,https://www.reddit.com/r/PoliticalDiscussion/comments/1nl6nez/what_are_your_thoughts_on_the_fccs_crackdown_on/
1nl0uwa,PoliticalDiscussion,"When Putin came to power in the 2000s his administration critiqued a puppet show mocking politicians openly. 2 years later the puppet show was taken down, do you see parallels with the events we are currently on?",78,13,https://www.reddit.com/r/PoliticalDiscussion/comments/1nl0uwa/when_putin_came_to_power_in_the_2000s_his/
1nl4px7,PoliticalDiscussion,"Do you think the majority of Americans aren't hyper-partisan/tribal, or has that ship sailed?",35,134,https://www.reddit.com/r/PoliticalDiscussion/comments/1nl4px7/do_you_think_the_majority_of_americans_arent/
1nm2c8v,PoliticalDiscussion,"What is ""fair"" for taxes?",0,114,https://www.reddit.com/r/PoliticalDiscussion/comments/1nm2c8v/what_is_fair_for_taxes/
1nl71xy,PoliticalDiscussion,"Has US political support for Israel become a kind of cult, and how does Reagan’s 1982 diary entry highlight the difference between then and now?",7,13,https://www.reddit.com/r/PoliticalDiscussion/comments/1nl71xy/has_us_political_support_for_israel_become_a_kind/
1nkeu1q,PoliticalDiscussion,Americas Reichstag fire?,315,383,https://www.reddit.com/r/PoliticalDiscussion/comments/1nkeu1q/americas_reichstag_fire/
1nkroke,PoliticalDiscussion,Current Leaders Of The Democratic Party?,57,169,https://www.reddit.com/r/PoliticalDiscussion/comments/1nkroke/current_leaders_of_the_democratic_party/
1nkwxla,PoliticalDiscussion,What explains why personal storytelling might outperform data-heavy messaging in political advocacy?,5,19,https://www.reddit.com/r/PoliticalDiscussion/comments/1nkwxla/what_explains_why_personal_storytelling_might/
1nk58ui,PoliticalDiscussion,"How did the Nazi regime censor satire, cabaret, and art — and what does that tell us about silencing political humor today?",61,28,https://www.reddit.com/r/PoliticalDiscussion/comments/1nk58ui/how_did_the_nazi_regime_censor_satire_cabaret_and/
1nkdp4f,PoliticalDiscussion,Are we in a new “Migration Period” that could reshape global politics?,18,38,https://www.reddit.com/r/PoliticalDiscussion/comments/1nkdp4f/are_we_in_a_new_migration_period_that_could/
1njl34j,PoliticalDiscussion,Can democracies survive disinformation if truth loses the numbers game?,337,258,https://www.reddit.com/r/PoliticalDiscussion/comments/1njl34j/can_democracies_survive_disinformation_if_truth/
1nk7lml,PoliticalDiscussion,"For people who volunteer on campaigns: if we could fix ONE pain this cycle, what should it be?",5,4,https://www.reddit.com/r/PoliticalDiscussion/comments/1nk7lml/for_people_who_volunteer_on_campaigns_if_we_could/
1njie1b,PoliticalDiscussion,How much does Zohran Mamdani’s campaign resonate with young voters?,86,146,https://www.reddit.com/r/PoliticalDiscussion/comments/1njie1b/how_much_does_zohran_mamdanis_campaign_resonate/
1nimis9,PoliticalDiscussion,Do you think JD Vance will certify the results of the election at the end of this term?,599,244,https://www.reddit.com/r/PoliticalDiscussion/comments/1nimis9/do_you_think_jd_vance_will_certify_the_results_of/
1njsugp,PoliticalDiscussion,"What is a policy you like but thinks violates the Constitution, or a policy you don't like but think is constitutional?",3,89,https://www.reddit.com/r/PoliticalDiscussion/comments/1njsugp/what_is_a_policy_you_like_but_thinks_violates_the/
1nj2dut,PoliticalDiscussion,How could lifting sanctions on Belarus's airline impact Russia's ability to maintain its seized aircraft?,10,16,https://www.reddit.com/r/PoliticalDiscussion/comments/1nj2dut/how_could_lifting_sanctions_on_belaruss_airline/
1njkpwn,PoliticalDiscussion,Does condemning hate speech violate someone else’s freedom of speech?,0,247,https://www.reddit.com/r/PoliticalDiscussion/comments/1njkpwn/does_condemning_hate_speech_violate_someone_elses/
1nhxyf3,PoliticalDiscussion,Do you think growing up in a war zone makes people more likely to become radicalised?,20,61,https://www.reddit.com/r/PoliticalDiscussion/comments/1nhxyf3/do_you_think_growing_up_in_a_war_zone_makes/
1nlob1a,worldnews,"/r/WorldNews Live Thread: Russian Invasion of Ukraine Day 1304, Part 1 (Thread #1451)",516,82,https://www.reddit.com/live/18hnzysb1elcs
1nmadug,worldnews,Zelenskyy: Seized maps show that Russians deceive their own command,4806,89,https://www.pravda.com.ua/eng/news/2025/09/20/7531711/
1nm2vet,worldnews,Another Russian CEO found dead in mysterious circumstances,17118,497,https://tvpworld.com/89031886/russian-businessman-alexander-tyunin-found-dead-next-to-rifle-and-suicide-note
1nlwt2l,worldnews,Putin Decides He Can Step Up Attacks on Kyiv and Trump Won’t Act,24034,590,https://www.bloomberg.com/news/articles/2025-09-20/putin-decides-russia-can-step-up-ukraine-attacks-and-trump-won-t-act
1nm6yxh,worldnews,Reuters: Pentagon warns European diplomats of aid cuts to Baltic states,2708,274,https://news.liga.net/en/politics/news/reuters-pentagon-warns-european-diplomats-of-aid-cuts-to-baltic-states
1nm5pdu,worldnews,Trump warns Venezuela to take back prisoners or face 'incalculable' price,1924,283,https://www.reuters.com/world/americas/trump-warns-venezuela-take-back-prisoners-or-face-incalculable-price-2025-09-20/
1nm1v6m,worldnews,India says Trump’s H1-B visa fee hike could ‘disrupt families’,2822,769,https://www.aljazeera.com/news/2025/9/20/h-1b-visa-fee-timeline-imposed-by-us-concerning-says-india-trade-body
1nlyx8s,worldnews,Over 1.5 tons of cocaine found on ship from Ecuador to Russia,2947,203,https://report.az/en/region/over-1-5-tons-of-cocaine-found-on-ship-from-ecuador-to-russia
1nmamh2,worldnews,Donald Trump warns Taliban over Bagram air base control | The Jerusalem Post,597,189,https://www.jpost.com/middle-east/article-868176
1nlxic3,worldnews,"'This is Russia’s war, Russia should pay' — UK examining new ways to use Moscow's frozen assets",2700,20,https://kyivindependent.com/this-is-russias-war-russia-should-pay-uk-examining-new-ways-to-use-moscows-frozen-assets/
1nm83uy,worldnews,The U.S. Is Quietly Pausing Some Arms Sales to Europe,647,94,https://www.theatlantic.com/national-security/archive/2025/09/arms-sale-europe-trump-colby-ukraine/684274/
1nlws40,worldnews,Zelenskyy accuses allies of ‘wasting time’ as he prepares for Trump meeting,2615,54,https://www.theguardian.com/world/2025/sep/20/zelenskyy-accuses-allies-of-wasting-time-as-he-prepares-for-trump-meeting
1nluuyc,worldnews,Zelenskyy rules out Korean-type or any other similar model to end war,3195,176,https://www.pravda.com.ua/eng/news/2025/09/20/7531704
1nm8bt4,worldnews,"Canadian politicians, experts push back against U.S. ambassador's anti-Americanism concerns | CBC News",504,98,https://www.cbc.ca/news/politics/us-ambassador-anti-americanism-pushback-canada-1.7639396
1nlsb33,worldnews,"Ukraine strikes oil refineries in Russia's Saratov and Samara oblasts, military confirms",4808,77,https://kyivindependent.com/ukraine-reportedly-strike-oil-refinery-in-russia-saratov-oblast-explosions-reported-deep-inside-russia/
1nm6p9a,worldnews,"Russia supplies weapons to italian Mafia, according to the Italian publication Linkiesta",569,21,https://militarnyi.com/en/news/russia-supplies-weapons-to-italian-mafia-linkiesta/
1nlzch4,worldnews,Lithuania Calls for NATO to “Mean Business” After Russian Jets Breach Airspace,1165,27,https://united24media.com/latest-news/lithuania-calls-for-nato-to-mean-business-after-russian-jets-breach-airspace-11813
1nmal7p,worldnews,Senior Taliban spymaster threatens suicide bombings after Trump’s Bagram remarks,194,73,https://www.afintl.com/en/202509200435
1nmdqzb,worldnews,"NATO 'must respond accordingly, including militarily' to Russian provocations, Czech president says",126,9,https://kyivindependent.com/nato-must-respond-accordingly-to-russian-provocations-czech-president-says/
1nmdrsy,worldnews,Starmer to announce formal recognition of Palestine as a state,103,16,https://news.sky.com/story/starmer-to-announce-formal-recognition-of-palestine-as-a-state-13433557
